run,architecture,concurrency,rps,mean_latency_ms,p50_latency_ms,p95_latency_ms,p99_latency_ms,errors,timeouts,non2xx,cpu_percent,event_loop_p99_ms,duration_ms,completed_requests,test_order,timestamp,node_version,machine_info
2,jwt,225,3267.74,68.23,75.68,143.33,180.28,0,0,0,20.30,10.76,30017,98237,1,2026-08-27T04:09:20.157Z,v24.11.1,"12th Gen Intel(R) Core(TM) i5-1240P (15.68 GB)"
3,jwt,205,7464.40,26.97,21.15,78.54,116.33,0,0,0,56.89,12.77,30046,224117,2,2026-08-27T04:10:11.263Z,v24.11.1,"12th Gen Intel(R) Core(TM) i5-1240P (15.68 GB)"
1,stateful,180,11936.27,14.61,14.60,20.57,28.16,0,0,0,89.31,19.61,30107,358260,3,2026-08-27T04:11:02.547Z,v24.11.1,"12th Gen Intel(R) Core(TM) i5-1240P (15.68 GB)"
4,jwt,225,10276.27,21.40,21.30,27.41,33.58,0,0,0,71.09,19.28,30045,308479,4,2026-08-27T04:11:54.028Z,v24.11.1,"12th Gen Intel(R) Core(TM) i5-1240P (15.68 GB)"
3,jwt,180,10327.47,16.95,16.85,22.40,27.85,0,0,0,68.72,19.45,30056,309983,5,2026-08-27T04:12:45.405Z,v24.11.1,"12th Gen Intel(R) Core(TM) i5-1240P (15.68 GB)"
1,stateful,225,12258.34,17.90,17.48,28.63,36.84,0,0,0,84.30,21.04,30101,367957,6,2026-08-27T04:13:36.663Z,v24.11.1,"12th Gen Intel(R) Core(TM) i5-1240P (15.68 GB)"
4,jwt,215,7696.00,27.44,23.44,51.33,59.86,0,0,0,57.12,16.62,30035,231075,7,2026-08-27T04:14:28.131Z,v24.11.1,"12th Gen Intel(R) Core(TM) i5-1240P (15.68 GB)"
5,jwt,215,8709.34,24.20,22.12,42.61,51.90,0,0,0,62.60,15.91,30053,261470,8,2026-08-27T04:15:19.401Z,v24.11.1,"12th Gen Intel(R) Core(TM) i5-1240P (15.68 GB)"
3,jwt,190,8661.94,21.44,19.80,38.16,48.75,0,0,0,61.68,18.96,30045,260030,9,2026-08-27T04:16:10.674Z,v24.11.1,"12th Gen Intel(R) Core(TM) i5-1240P (15.68 GB)"
2,jwt,205,7886.30,25.47,20.16,53.29,97.76,0,0,0,53.44,18.38,30026,236791,10,2026-08-27T04:17:01.940Z,v24.11.1,"12th Gen Intel(R) Core(TM) i5-1240P (15.68 GB)"
3,jwt,220,3496.00,62.34,61.03,133.97,179.20,0,0,0,18.33,10.58,30014,105087,11,2026-08-27T04:17:53.103Z,v24.11.1,"12th Gen Intel(R) Core(TM) i5-1240P (15.68 GB)"
2,stateful,205,9125.80,21.98,21.59,30.78,36.57,0,0,0,34.59,16.52,30040,273953,12,2026-08-27T04:18:44.185Z,v24.11.1,"12th Gen Intel(R) Core(TM) i5-1240P (15.68 GB)"
5,stateful,180,8360.54,21.04,20.22,33.00,41.40,0,0,0,36.68,21.89,30033,250984,13,2026-08-27T04:19:35.357Z,v24.11.1,"12th Gen Intel(R) Core(TM) i5-1240P (15.68 GB)"
4,jwt,185,3353.00,54.64,58.91,98.25,118.24,0,0,0,23.64,10.57,30010,100761,14,2026-08-27T04:20:26.547Z,v24.11.1,"12th Gen Intel(R) Core(TM) i5-1240P (15.68 GB)"
4,jwt,190,3315.40,56.76,62.09,98.15,111.09,0,0,0,21.30,10.58,30010,99638,15,2026-08-27T04:21:17.613Z,v24.11.1,"12th Gen Intel(R) Core(TM) i5-1240P (15.68 GB)"
1,jwt,190,3284.07,57.29,60.31,105.13,129.61,0,0,0,22.39,10.73,30014,98696,16,2026-08-27T04:22:08.686Z,v24.11.1,"12th Gen Intel(R) Core(TM) i5-1240P (15.68 GB)"
4,stateful,180,8067.54,21.83,21.27,32.26,41.28,0,0,0,39.43,20.94,30040,242177,17,2026-08-27T04:22:59.753Z,v24.11.1,"12th Gen Intel(R) Core(TM) i5-1240P (15.68 GB)"
5,stateful,205,8996.87,22.29,21.70,32.82,41.32,0,0,0,37.11,18.51,30026,270111,18,2026-08-27T04:23:50.915Z,v24.11.1,"12th Gen Intel(R) Core(TM) i5-1240P (15.68 GB)"
2,stateful,210,9235.74,22.25,22.07,30.76,34.90,0,0,0,33.50,16.63,30035,277280,19,2026-08-27T04:24:42.058Z,v24.11.1,"12th Gen Intel(R) Core(TM) i5-1240P (15.68 GB)"
4,jwt,180,3202.87,55.66,57.87,100.48,127.01,0,0,0,23.01,10.92,30009,96247,20,2026-08-27T04:25:33.227Z,v24.11.1,"12th Gen Intel(R) Core(TM) i5-1240P (15.68 GB)"
4,stateful,215,9311.47,22.61,22.23,31.41,38.90,0,0,0,36.55,16.56,30051,279551,21,2026-08-27T04:26:24.289Z,v24.11.1,"12th Gen Intel(R) Core(TM) i5-1240P (15.68 GB)"
3,jwt,200,3314.87,59.78,66.61,108.19,128.51,0,0,0,22.70,10.63,30014,99629,22,2026-08-27T04:27:15.480Z,v24.11.1,"12th Gen Intel(R) Core(TM) i5-1240P (15.68 GB)"
1,jwt,220,3387.40,64.40,71.79,115.31,133.90,0,0,0,24.78,10.58,30018,101825,23,2026-08-27T04:28:06.547Z,v24.11.1,"12th Gen Intel(R) Core(TM) i5-1240P (15.68 GB)"
1,stateful,210,9096.94,22.60,22.08,32.07,41.34,0,0,0,39.39,17.17,30031,273096,24,2026-08-27T04:28:57.633Z,v24.11.1,"12th Gen Intel(R) Core(TM) i5-1240P (15.68 GB)"
5,jwt,220,3244.47,67.21,73.75,119.51,138.06,0,0,0,23.58,10.55,30017,97537,25,2026-08-27T04:29:48.794Z,v24.11.1,"12th Gen Intel(R) Core(TM) i5-1240P (15.68 GB)"
1,jwt,200,3297.87,60.10,65.59,104.24,130.22,0,0,0,26.03,10.93,30011,99123,26,2026-08-27T04:30:39.877Z,v24.11.1,"12th Gen Intel(R) Core(TM) i5-1240P (15.68 GB)"
3,stateful,210,9233.87,22.26,21.88,30.97,39.35,0,0,0,34.23,16.09,30036,277183,27,2026-08-27T04:31:30.960Z,v24.11.1,"12th Gen Intel(R) Core(TM) i5-1240P (15.68 GB)"
2,stateful,190,8669.40,21.43,20.77,33.04,42.60,0,0,0,35.53,21.66,30040,260250,28,2026-08-27T04:32:22.126Z,v24.11.1,"12th Gen Intel(R) Core(TM) i5-1240P (15.68 GB)"
1,stateful,195,8843.14,21.56,21.04,31.63,42.55,0,0,0,33.97,19.12,30034,265471,29,2026-08-27T04:33:13.289Z,v24.11.1,"12th Gen Intel(R) Core(TM) i5-1240P (15.68 GB)"
5,stateful,210,9265.54,22.17,20.84,35.09,45.05,0,0,0,40.39,16.67,30023,278173,30,2026-08-27T04:34:04.425Z,v24.11.1,"12th Gen Intel(R) Core(TM) i5-1240P (15.68 GB)"
4,jwt,205,3235.87,62.80,68.43,112.65,129.74,0,0,0,23.17,10.66,30014,97267,31,2026-08-27T04:34:55.614Z,v24.11.1,"12th Gen Intel(R) Core(TM) i5-1240P (15.68 GB)"
2,stateful,200,8851.87,22.10,21.98,30.60,35.19,0,0,0,33.83,16.55,30020,265724,32,2026-08-27T04:35:46.697Z,v24.11.1,"12th Gen Intel(R) Core(TM) i5-1240P (15.68 GB)"
4,stateful,175,8117.07,21.08,20.32,32.58,39.34,0,0,0,32.88,21.79,30035,243679,33,2026-08-27T04:36:37.832Z,v24.11.1,"12th Gen Intel(R) Core(TM) i5-1240P (15.68 GB)"
1,stateful,215,9173.34,22.96,22.74,31.44,36.09,0,0,0,33.24,17.09,30040,275404,34,2026-08-27T04:37:29.002Z,v24.11.1,"12th Gen Intel(R) Core(TM) i5-1240P (15.68 GB)"
2,jwt,200,3304.54,59.97,64.54,105.12,119.63,0,0,0,23.48,10.66,30011,99322,35,2026-08-27T04:38:20.154Z,v24.11.1,"12th Gen Intel(R) Core(TM) i5-1240P (15.68 GB)"
2,stateful,225,9341.60,23.60,23.25,32.57,37.43,0,0,0,39.43,16.84,30035,280450,36,2026-08-27T04:39:11.234Z,v24.11.1,"12th Gen Intel(R) Core(TM) i5-1240P (15.68 GB)"
3,stateful,205,9224.54,21.74,21.41,30.48,34.02,0,0,0,35.69,16.47,30036,276950,37,2026-08-27T04:40:02.391Z,v24.11.1,"12th Gen Intel(R) Core(TM) i5-1240P (15.68 GB)"
1,jwt,180,3291.14,54.13,57.29,96.08,107.90,0,0,0,25.45,10.81,30017,98898,38,2026-08-27T04:40:53.541Z,v24.11.1,"12th Gen Intel(R) Core(TM) i5-1240P (15.68 GB)"
3,stateful,215,9048.87,23.27,22.76,32.60,36.66,0,0,0,34.19,17.04,30027,271679,39,2026-08-27T04:41:44.626Z,v24.11.1,"12th Gen Intel(R) Core(TM) i5-1240P (15.68 GB)"
2,stateful,185,8631.07,20.94,20.48,30.70,35.78,0,0,0,34.03,19.60,30026,259090,40,2026-08-27T04:42:35.775Z,v24.11.1,"12th Gen Intel(R) Core(TM) i5-1240P (15.68 GB)"
2,jwt,215,3248.54,65.59,71.55,117.72,134.67,0,0,0,23.22,10.67,30013,97659,41,2026-08-27T04:43:26.927Z,v24.11.1,"12th Gen Intel(R) Core(TM) i5-1240P (15.68 GB)"
1,jwt,185,3321.74,55.15,58.94,99.83,121.79,0,0,0,21.04,10.81,30012,99824,42,2026-08-27T04:44:18.006Z,v24.11.1,"12th Gen Intel(R) Core(TM) i5-1240P (15.68 GB)"
2,stateful,180,8273.54,21.27,20.44,33.12,42.91,0,0,0,35.02,21.61,30033,248387,43,2026-08-27T04:45:09.076Z,v24.11.1,"12th Gen Intel(R) Core(TM) i5-1240P (15.68 GB)"
1,jwt,225,3416.60,65.32,70.68,117.29,145.64,0,0,0,24.46,10.64,30015,102706,44,2026-08-27T04:46:00.239Z,v24.11.1,"12th Gen Intel(R) Core(TM) i5-1240P (15.68 GB)"
5,jwt,175,3417.87,50.66,55.22,86.22,98.73,0,0,0,22.75,10.49,30011,102693,45,2026-08-27T04:46:51.312Z,v24.11.1,"12th Gen Intel(R) Core(TM) i5-1240P (15.68 GB)"
5,jwt,225,3244.74,68.78,74.24,120.72,141.41,0,0,0,26.12,11.35,30021,97553,46,2026-08-27T04:47:42.392Z,v24.11.1,"12th Gen Intel(R) Core(TM) i5-1240P (15.68 GB)"
4,jwt,200,3266.80,60.63,63.90,109.64,134.13,0,0,0,25.98,10.91,30011,98190,47,2026-08-27T04:48:33.480Z,v24.11.1,"12th Gen Intel(R) Core(TM) i5-1240P (15.68 GB)"
5,stateful,195,8851.80,21.53,21.15,30.85,37.17,0,0,0,32.78,20.94,30032,265748,48,2026-08-27T04:49:24.550Z,v24.11.1,"12th Gen Intel(R) Core(TM) i5-1240P (15.68 GB)"
3,stateful,185,8729.21,20.71,19.87,31.78,38.81,0,0,0,33.77,21.50,30032,262045,49,2026-08-27T04:50:15.692Z,v24.11.1,"12th Gen Intel(R) Core(TM) i5-1240P (15.68 GB)"
4,stateful,185,8598.54,21.03,20.46,31.86,39.76,0,0,0,37.88,21.43,30031,258121,50,2026-08-27T04:51:06.868Z,v24.11.1,"12th Gen Intel(R) Core(TM) i5-1240P (15.68 GB)"
2,jwt,220,3349.27,65.11,73.68,121.42,139.41,0,0,0,23.06,10.58,30013,100684,51,2026-08-27T04:51:58.026Z,v24.11.1,"12th Gen Intel(R) Core(TM) i5-1240P (15.68 GB)"
5,stateful,200,8912.47,21.96,21.32,31.91,41.35,0,0,0,38.01,18.86,30046,267553,52,2026-08-27T04:52:49.102Z,v24.11.1,"12th Gen Intel(R) Core(TM) i5-1240P (15.68 GB)"
2,jwt,185,3299.34,55.53,58.79,102.48,125.96,0,0,0,23.84,10.85,30011,99146,53,2026-08-27T04:53:40.260Z,v24.11.1,"12th Gen Intel(R) Core(TM) i5-1240P (15.68 GB)"
3,jwt,175,3428.10,50.51,54.66,91.05,102.74,0,0,0,22.81,10.62,30010,103007,54,2026-08-27T04:54:31.331Z,v24.11.1,"12th Gen Intel(R) Core(TM) i5-1240P (15.68 GB)"
3,stateful,190,8590.07,21.64,21.50,30.51,36.74,0,0,0,32.92,18.86,30039,257882,55,2026-08-27T04:55:22.404Z,v24.11.1,"12th Gen Intel(R) Core(TM) i5-1240P (15.68 GB)"
2,stateful,220,9158.14,23.54,23.13,32.70,43.55,0,0,0,35.95,16.63,30032,274943,56,2026-08-27T04:56:13.574Z,v24.11.1,"12th Gen Intel(R) Core(TM) i5-1240P (15.68 GB)"
2,stateful,215,9257.21,22.74,22.13,32.19,41.44,0,0,0,33.98,17.53,30029,277916,57,2026-08-27T04:57:04.736Z,v24.11.1,"12th Gen Intel(R) Core(TM) i5-1240P (15.68 GB)"
4,stateful,195,9064.67,21.02,20.47,31.03,41.35,0,0,0,35.29,20.79,30023,272111,58,2026-08-27T04:57:55.894Z,v24.11.1,"12th Gen Intel(R) Core(TM) i5-1240P (15.68 GB)"
1,stateful,200,8958.87,21.83,21.54,30.77,37.78,0,0,0,34.62,18.10,30018,268942,59,2026-08-27T04:58:47.047Z,v24.11.1,"12th Gen Intel(R) Core(TM) i5-1240P (15.68 GB)"
4,jwt,210,3240.80,64.25,70.35,119.59,140.35,0,0,0,24.10,10.83,30016,97424,60,2026-08-27T04:59:38.192Z,v24.11.1,"12th Gen Intel(R) Core(TM) i5-1240P (15.68 GB)"
5,jwt,180,3280.14,54.32,58.60,101.92,118.78,0,0,0,22.91,10.67,30012,98566,61,2026-08-27T05:00:29.285Z,v24.11.1,"12th Gen Intel(R) Core(TM) i5-1240P (15.68 GB)"
3,stateful,180,8420.80,20.91,19.91,32.57,40.59,0,0,0,37.15,21.76,30066,252777,62,2026-08-27T05:01:20.341Z,v24.11.1,"12th Gen Intel(R) Core(TM) i5-1240P (15.68 GB)"
4,stateful,225,9401.34,23.44,22.78,34.01,42.93,0,0,0,41.27,17.25,30022,282252,63,2026-08-27T05:02:11.546Z,v24.11.1,"12th Gen Intel(R) Core(TM) i5-1240P (15.68 GB)"
5,jwt,210,3148.27,66.17,72.63,118.71,147.50,0,0,0,23.95,10.85,30016,94636,64,2026-08-27T05:03:02.689Z,v24.11.1,"12th Gen Intel(R) Core(TM) i5-1240P (15.68 GB)"
4,stateful,190,8759.40,21.21,20.51,32.68,42.91,0,0,0,35.68,20.99,30042,262958,65,2026-08-27T05:03:53.767Z,v24.11.1,"12th Gen Intel(R) Core(TM) i5-1240P (15.68 GB)"
2,jwt,195,3616.67,53.38,56.36,101.33,124.96,0,0,0,23.11,10.55,30013,108676,66,2026-08-27T05:04:44.958Z,v24.11.1,"12th Gen Intel(R) Core(TM) i5-1240P (15.68 GB)"
2,jwt,210,3641.27,57.12,59.03,118.04,147.23,0,0,0,22.08,10.53,30011,109428,67,2026-08-27T05:05:36.034Z,v24.11.1,"12th Gen Intel(R) Core(TM) i5-1240P (15.68 GB)"
1,jwt,210,3656.14,56.88,55.31,125.58,159.01,0,0,0,21.40,10.63,30014,109877,68,2026-08-27T05:06:27.108Z,v24.11.1,"12th Gen Intel(R) Core(TM) i5-1240P (15.68 GB)"
2,jwt,175,3655.90,47.35,46.49,97.39,121.68,0,0,0,21.29,10.56,30015,109838,69,2026-08-27T05:07:18.179Z,v24.11.1,"12th Gen Intel(R) Core(TM) i5-1240P (15.68 GB)"
5,stateful,215,9701.87,21.67,21.64,29.08,34.29,0,0,0,34.76,16.03,30028,291260,70,2026-08-27T05:08:09.258Z,v24.11.1,"12th Gen Intel(R) Core(TM) i5-1240P (15.68 GB)"
5,jwt,190,3827.14,49.09,51.37,80.11,96.56,0,0,0,27.49,11.17,30012,114993,71,2026-08-27T05:09:00.405Z,v24.11.1,"12th Gen Intel(R) Core(TM) i5-1240P (15.68 GB)"
3,stateful,195,10080.21,18.86,18.01,30.98,33.47,0,0,0,46.73,22.12,30028,302586,72,2026-08-27T05:09:51.479Z,v24.11.1,"12th Gen Intel(R) Core(TM) i5-1240P (15.68 GB)"
4,jwt,220,3972.97,54.84,62.60,99.95,117.63,0,0,0,23.32,10.42,30013,119395,73,2026-08-27T05:10:42.657Z,v24.11.1,"12th Gen Intel(R) Core(TM) i5-1240P (15.68 GB)"
1,stateful,190,9039.00,20.55,20.10,31.47,36.65,0,0,0,34.05,21.86,30055,271368,74,2026-08-27T05:11:33.719Z,v24.11.1,"12th Gen Intel(R) Core(TM) i5-1240P (15.68 GB)"
1,jwt,205,3691.94,54.96,56.25,116.72,145.67,0,0,0,21.61,10.46,30012,110951,75,2026-08-27T05:12:24.878Z,v24.11.1,"12th Gen Intel(R) Core(TM) i5-1240P (15.68 GB)"
5,stateful,185,8837.54,20.47,20.04,31.78,37.44,0,0,0,33.89,21.71,30059,265286,76,2026-08-27T05:13:15.951Z,v24.11.1,"12th Gen Intel(R) Core(TM) i5-1240P (15.68 GB)"
4,stateful,210,9407.00,21.85,21.49,30.59,36.52,0,0,0,33.29,19.96,30042,282394,77,2026-08-27T05:14:07.131Z,v24.11.1,"12th Gen Intel(R) Core(TM) i5-1240P (15.68 GB)"
4,stateful,200,9280.00,21.06,20.87,30.45,36.57,0,0,0,33.57,20.77,30024,278593,78,2026-08-27T05:14:58.283Z,v24.11.1,"12th Gen Intel(R) Core(TM) i5-1240P (15.68 GB)"
3,stateful,200,9418.67,20.75,20.65,29.36,35.01,0,0,0,33.19,20.48,30038,282752,79,2026-08-27T05:15:49.427Z,v24.11.1,"12th Gen Intel(R) Core(TM) i5-1240P (15.68 GB)"
4,stateful,220,9391.74,22.93,23.05,31.00,37.32,0,0,0,29.78,15.91,30013,281963,80,2026-08-27T05:16:40.583Z,v24.11.1,"12th Gen Intel(R) Core(TM) i5-1240P (15.68 GB)"
3,jwt,210,3687.30,56.36,51.28,134.38,177.79,0,0,0,20.30,10.63,30014,110808,81,2026-08-27T05:17:31.709Z,v24.11.1,"12th Gen Intel(R) Core(TM) i5-1240P (15.68 GB)"
5,jwt,195,3623.47,53.25,46.18,125.35,157.93,0,0,0,19.84,10.52,30010,108882,82,2026-08-27T05:18:22.805Z,v24.11.1,"12th Gen Intel(R) Core(TM) i5-1240P (15.68 GB)"
4,jwt,175,3466.07,49.94,42.70,111.32,134.72,0,0,0,18.53,10.58,30010,104140,83,2026-08-27T05:19:13.874Z,v24.11.1,"12th Gen Intel(R) Core(TM) i5-1240P (15.68 GB)"
3,stateful,175,8182.74,20.89,20.57,32.37,37.64,0,0,0,26.96,21.97,30022,245647,84,2026-08-27T05:20:04.932Z,v24.11.1,"12th Gen Intel(R) Core(TM) i5-1240P (15.68 GB)"
3,stateful,225,9225.60,23.89,23.86,33.90,39.90,0,0,0,31.12,17.74,30022,276990,85,2026-08-27T05:20:56.065Z,v24.11.1,"12th Gen Intel(R) Core(TM) i5-1240P (15.68 GB)"
3,jwt,195,3581.40,53.89,46.88,125.10,166.00,0,0,0,19.42,10.48,30011,107623,86,2026-08-27T05:21:47.222Z,v24.11.1,"12th Gen Intel(R) Core(TM) i5-1240P (15.68 GB)"
3,jwt,215,3632.57,58.65,50.48,139.25,172.26,0,0,0,19.53,10.76,30012,109172,87,2026-08-27T05:22:38.291Z,v24.11.1,"12th Gen Intel(R) Core(TM) i5-1240P (15.68 GB)"
1,jwt,175,3536.80,48.95,41.49,112.26,140.72,0,0,0,18.90,10.50,30012,106261,88,2026-08-27T05:23:29.368Z,v24.11.1,"12th Gen Intel(R) Core(TM) i5-1240P (15.68 GB)"
2,jwt,180,3698.94,48.14,40.07,119.06,145.89,0,0,0,18.54,10.49,30008,111139,89,2026-08-27T05:24:20.440Z,v24.11.1,"12th Gen Intel(R) Core(TM) i5-1240P (15.68 GB)"
1,jwt,215,3632.40,58.65,57.03,133.50,161.47,0,0,0,21.03,10.44,30013,109171,90,2026-08-27T05:25:11.504Z,v24.11.1,"12th Gen Intel(R) Core(TM) i5-1240P (15.68 GB)"
3,jwt,225,3687.37,60.47,53.82,145.01,183.33,0,0,0,18.64,10.51,30012,110830,91,2026-08-27T05:26:02.578Z,v24.11.1,"12th Gen Intel(R) Core(TM) i5-1240P (15.68 GB)"
5,stateful,225,9452.00,23.32,23.33,32.34,38.30,0,0,0,28.51,16.41,30034,283744,92,2026-08-27T05:26:53.641Z,v24.11.1,"12th Gen Intel(R) Core(TM) i5-1240P (15.68 GB)"
5,jwt,200,3619.70,54.64,47.11,132.25,158.26,0,0,0,18.69,10.76,30013,108774,93,2026-08-27T05:27:44.786Z,v24.11.1,"12th Gen Intel(R) Core(TM) i5-1240P (15.68 GB)"
5,stateful,220,9276.74,23.24,23.14,32.18,38.03,0,0,0,31.10,16.66,30042,278514,94,2026-08-27T05:28:35.847Z,v24.11.1,"12th Gen Intel(R) Core(TM) i5-1240P (15.68 GB)"
1,jwt,195,3602.77,53.56,49.48,121.57,148.41,0,0,0,19.78,10.57,30014,108255,95,2026-08-27T05:29:26.991Z,v24.11.1,"12th Gen Intel(R) Core(TM) i5-1240P (15.68 GB)"
1,stateful,220,9268.54,23.24,23.46,31.81,37.28,0,0,0,30.60,16.56,30025,278270,96,2026-08-27T05:30:18.066Z,v24.11.1,"12th Gen Intel(R) Core(TM) i5-1240P (15.68 GB)"
5,stateful,175,7777.60,22.02,21.50,33.81,39.27,0,0,0,27.77,22.04,30045,233488,97,2026-08-27T05:31:09.201Z,v24.11.1,"12th Gen Intel(R) Core(TM) i5-1240P (15.68 GB)"
5,jwt,205,3692.77,54.95,43.65,139.91,175.09,0,0,0,19.78,10.94,30013,110975,98,2026-08-27T05:32:00.376Z,v24.11.1,"12th Gen Intel(R) Core(TM) i5-1240P (15.68 GB)"
4,stateful,205,9112.47,22.02,21.74,32.08,36.99,0,0,0,29.69,18.42,30055,273578,99,2026-08-27T05:32:51.457Z,v24.11.1,"12th Gen Intel(R) Core(TM) i5-1240P (15.68 GB)"
2,stateful,195,8987.21,21.22,21.21,31.23,36.57,0,0,0,30.64,21.20,30037,269790,100,2026-08-27T05:33:42.616Z,v24.11.1,"12th Gen Intel(R) Core(TM) i5-1240P (15.68 GB)"
5,stateful,190,8509.34,21.85,21.95,32.55,38.31,0,0,0,28.81,21.68,30042,255442,101,2026-08-27T05:34:33.760Z,v24.11.1,"12th Gen Intel(R) Core(TM) i5-1240P (15.68 GB)"
4,jwt,195,3476.07,55.54,48.35,132.35,162.73,0,0,0,18.59,10.58,30011,104464,102,2026-08-27T05:35:24.925Z,v24.11.1,"12th Gen Intel(R) Core(TM) i5-1240P (15.68 GB)"
1,stateful,205,9154.67,21.89,21.83,31.53,36.94,0,0,0,28.99,20.09,30019,274839,103,2026-08-27T05:36:15.998Z,v24.11.1,"12th Gen Intel(R) Core(TM) i5-1240P (15.68 GB)"
5,jwt,185,3525.07,51.94,46.13,117.76,148.24,0,0,0,19.11,10.56,30011,105924,104,2026-08-27T05:37:07.142Z,v24.11.1,"12th Gen Intel(R) Core(TM) i5-1240P (15.68 GB)"
2,stateful,175,7835.34,21.86,21.39,33.70,38.84,0,0,0,28.95,22.12,30057,235221,105,2026-08-27T05:37:58.210Z,v24.11.1,"12th Gen Intel(R) Core(TM) i5-1240P (15.68 GB)"
3,stateful,220,9136.40,23.58,23.52,34.28,39.29,0,0,0,27.37,16.91,30024,274295,106,2026-08-27T05:38:49.414Z,v24.11.1,"12th Gen Intel(R) Core(TM) i5-1240P (15.68 GB)"
1,stateful,175,7840.00,21.85,21.37,33.66,38.65,0,0,0,25.68,22.20,30059,235358,107,2026-08-27T05:39:40.561Z,v24.11.1,"12th Gen Intel(R) Core(TM) i5-1240P (15.68 GB)"
2,jwt,190,3615.47,52.01,44.57,120.97,149.90,0,0,0,19.53,10.54,30011,108639,108,2026-08-27T05:40:31.731Z,v24.11.1,"12th Gen Intel(R) Core(TM) i5-1240P (15.68 GB)"
1,stateful,185,8264.07,21.89,21.65,33.31,39.71,0,0,0,28.56,21.91,30032,248093,109,2026-08-27T05:41:22.819Z,v24.11.1,"12th Gen Intel(R) Core(TM) i5-1240P (15.68 GB)"
3,jwt,185,3584.34,51.06,44.47,117.96,152.72,0,0,0,20.20,10.54,30010,107697,110,2026-08-27T05:42:13.976Z,v24.11.1,"12th Gen Intel(R) Core(TM) i5-1240P (15.68 GB)"